REGION_NM,MON_YR,REGION,STATE,SECTOR,CATEGORY,FUEL,UTILITY,STATION,INST_CAP,PROGRAM_GENERATION,ACTUAL GENERATION
REG1,Apr-16,NORTHERN,PUNJAB,STATE,HYDRO,HYDRO,PSPCL,SHANAN  HPS,110,57,49.59
REG2,Apr-16,WESTERN,GUJARAT,STATE,THERMAL,COAL,GSECL,SIKKA REP. TPS,740,169,240.86
REG4,Apr-16,EASTERN,ORISSA,CENTRAL,THERMAL,COAL,NTPC Ltd.,TALCHER (OLD) TPS,460,302,305.93
REG4,Apr-16,EASTERN,ORISSA,CENTRAL,THERMAL,COAL,NTPC Ltd.,TALCHER STPS,3000,1929,2075.14
REG1,Apr-16,NORTHERN,UTTARAKHAND,CENTRAL,HYDRO,HYDRO,NHPC,TANAKPUR  HPS,94.2,20,17.19
REG1,Apr-16,NORTHERN,UTTARAKHAND,STATE,HYDRO,HYDRO,UJVNL,KHODRI  HPS,120,27,18.66
REG2,Apr-16,WESTERN,CHHATTISGARH,STATE,THERMAL,COAL,CSPGCL,KORBA-III,240,81,134.28
REG1,Apr-16,NORTHERN,PUNJAB,CENTRAL,HYDRO,HYDRO,BBMB,KOTLA  HPS,77.65,37,36.55
REG3,Apr-16,SOUTHERN,KERALA,STATE,HYDRO,HYDRO,KSEB,KUTTIYADI  HPS.,125,40,36.96
REG3,Apr-16,SOUTHERN,TELANGANA,STATE,HYDRO,HYDRO,TSGENCO,LOWER SILERU  HPS,460,99,80.53
REG3,Apr-16,SOUTHERN,TAMIL NADU,CENTRAL,NUCLEAR,NUCLEAR,NPCIL,MADRAS  A.P.S.,440,264,213.06
REG2,Apr-16,WESTERN,MADHYA PRADESH,STATE,HYDRO,HYDRO,MPPGCL,MADHIKHERA  HPS,60,0,0
REG4,Apr-16,EASTERN,JHARKHAND,CENTRAL,THERMAL,NATURAL GAS,DVC,MAITHON GT (Liq.),90,0,0
REG3,Apr-16,SOUTHERN,TAMIL NADU,STATE,HYDRO,HYDRO,TNGDCL,SHOLAYAR  HPS.,95,5,6.09
REG2,Apr-16,WESTERN,MADHYA PRADESH,STATE,HYDRO,HYDRO,MPPGCL,GANDHI SAGAR  HPS,115,10,4.02
REG3,Apr-16,SOUTHERN,KARNATAKA,STATE,HYDRO,HYDRO,KPCL,GERUSUPPA  HPS,240,33,21.29
REG3,Apr-16,SOUTHERN,KARNATAKA,STATE,HYDRO,HYDRO,KPCL,HAMPI  HPS,36,3,0
REG2,Apr-16,WESTERN,CHHATTISGARH,STATE,HYDRO,HYDRO,CSPGCL,HASDEOBANGO  HPS,120,10,19.19
REG2,Apr-16,WESTERN,MADHYA PRADESH,CENTRAL,HYDRO,HYDRO,NHDC,INDIRA SAGAR  HPS,1000,150,123.19
REG2,Apr-16,WESTERN,MADHYA PRADESH,CENTRAL,HYDRO,HYDRO,NHDC,OMKARESHWAR  HPS,520,70,66.2
REG3,Apr-16,SOUTHERN,TAMIL NADU,STATE,HYDRO,HYDRO,TNGDCL,PERIYAR  HPS.,140,0,0
REG3,Apr-16,SOUTHERN,TELANGANA,CENTRAL,THERMAL,COAL,NTPC Ltd.,RAMAGUNDEM STPS,2600,1442,1825.4
REG1,Apr-16,NORTHERN,PUNJAB,STATE,THERMAL,COAL,PSPCL,ROPAR TPS,1260,302,122.28
REG2,Apr-16,WESTERN,MAHARASHTRA,PVT,THERMAL,COAL,TATA PCL,TROMBAY TPS,1400,502,474.1
REG2,Apr-16,WESTERN,GUJARAT,STATE,THERMAL,NATURAL GAS,GSECL,UTRAN CCPP,518,0,104.95
REG5,Apr-16,NORTH EASTERN,TRIPURA,CENTRAL,THERMAL,NATURAL GAS,ONGC,TRIPURA CCPP,726.6,328,240.25
REG1,Apr-16,NORTHERN,RAJASTHAN,PVT,THERMAL,COAL,APL,KAWAI TPS,1320,738,837.84
REG2,Apr-16,WESTERN,CHHATTISGARH,PVT,THERMAL,COAL,JPL,TAMNAR TPP,2400,458,373.06
REG4,Apr-16,EASTERN,ORISSA,STATE,HYDRO,HYDRO,OHPC,RENGALI  HPS.,250,29,30.04
REG4,Apr-16,EASTERN,JHARKHAND,CENTRAL,HYDRO,HYDRO,DVC,MAITHON  HPS.,63.2,6,0.8
REG1,Apr-16,NORTHERN,HIMACHAL PRADESH,STATE,HYDRO,HYDRO,HPSEB,UHL-III HPS,0,NA,0
REG4,Apr-16,EASTERN,WEST BENGAL,CENTRAL,THERMAL,COAL,DVC,DURGAPUR STEEL TPS,1000,286,564.55
REG2,Apr-16,WESTERN,CHHATTISGARH,PVT,THERMAL,COAL,KWPCL,AVANTHA BHANDAR,600,49,288.56
REG3,Apr-16,SOUTHERN,TAMIL NADU,STATE,THERMAL,NATURAL GAS,TNGDCL,KUTTALAM CCPP,100,47,43.57
REG2,Apr-16,WESTERN,GUJARAT,PVT,THERMAL,NATURAL GAS,GIPCL,GIPCL. GT IMP,0,13,17.35
REG2,Apr-16,WESTERN,MAHARASHTRA,PVT,THERMAL,COAL,RattanIndia,NASIK (P) TPS,270,0,0
REG3,Apr-16,SOUTHERN,KERALA,STATE,THERMAL,DIESEL,KSEB,BRAMHAPURAM DG,63.96,3,4.3
REG1,Apr-16,NORTHERN,PUNJAB,STATE,HYDRO,HYDRO,PSPCL,ANANDPUR SAHIB HPS,134,26,41.15
REG1,Apr-16,NORTHERN,UTTAR PRADESH,CENTRAL,THERMAL,NATURAL GAS,NTPC Ltd.,DADRI CCPP,829.78,187,243.72
REG2,Apr-16,WESTERN,MAHARASHTRA,PVT,THERMAL,COAL,RIL (DAHANU),DAHANU TPS,500,355,199.05
REG1,Apr-16,NORTHERN,RAJASTHAN,STATE,THERMAL,NATURAL GAS,RRVUNL,DHOLPUR CCPP,330,1,3.6
REG1,Apr-16,NORTHERN,JAMMU AND KASHMIR,CENTRAL,HYDRO,HYDRO,NHPC,DULHASTI  HPS,390,179,194.21
REG4,Apr-16,EASTERN,WEST BENGAL,CENTRAL,THERMAL,COAL,NTPC Ltd.,FARAKKA STPS,2100,1071,602.74
REG2,Apr-16,WESTERN,MAHARASHTRA,STATE,HYDRO,HYDRO,MAHAGENCO,GHATGHAR  PSS  HPS,250,34,21.06
REG3,Apr-16,SOUTHERN,ANDHRA PRADESH,PVT,THERMAL,NATURAL GAS,KONDAPALI,KONDAPALLI  EXTN CCPP .,366,0,0
REG3,Apr-16,SOUTHERN,KARNATAKA,STATE,HYDRO,HYDRO,KPCL,KALINADI SUPA  HPS,100,24,38.07
REG4,Apr-16,EASTERN,WEST BENGAL,STATE,THERMAL,NATURAL GAS,WBPDC,KASBA GT (Liq.),40,0,0
REG1,Apr-16,NORTHERN,JAMMU AND KASHMIR,CENTRAL,HYDRO,HYDRO,NHPC,SALAL  HPS,690,250,301.5
REG2,Apr-16,WESTERN,MAHARASHTRA,STATE,HYDRO,HYDRO,MAHAGENCO,KOYNA-III  HPS,320,72,51.05
REG3,Apr-16,SOUTHERN,KERALA,STATE,HYDRO,HYDRO,KSEB,SHOLAYAR  HPS.,54,27,25
REG2,Apr-16,WESTERN,GUJARAT,STATE,THERMAL,COAL,GSECL,KUTCH LIG. TPS,290,153,182.32
REG3,Apr-16,SOUTHERN,TAMIL NADU,CENTRAL,NUCLEAR,NUCLEAR,NPCIL,KUDANKULAM,1000,588,707.68
REG1,Apr-16,NORTHERN,JAMMU AND KASHMIR,CENTRAL,HYDRO,HYDRO,NHPC,CHUTAK HPS,44,5,3.67
REG2,Apr-16,WESTERN,CHHATTISGARH,PVT,THERMAL,COAL,WPCL,AKALTARA TPS,1200,576,733.25
REG3,Apr-16,SOUTHERN,TELANGANA,STATE,HYDRO,HYDRO,TSGENCO,LOWER JURALA HPS,160,0,0
REG1,Apr-16,NORTHERN,UTTARAKHAND,PVT,THERMAL,NATURAL GAS,GIPL,GAMA CCPP,0,0,0
REG3,Apr-16,SOUTHERN,KARNATAKA,PVT,THERMAL,DIESEL,BELLARY,BELLARY DG,25.2,0,0
REG4,Apr-16,EASTERN,WEST BENGAL,PVT,THERMAL,COAL,CESC,SOUTHERN REPL. TPS,135,49,69.3
REG2,Apr-16,WESTERN,MAHARASHTRA,STATE,HYDRO,HYDRO,MAHAGENCO,TILLARI  HPS,60,8,7.35
REG1,Apr-16,NORTHERN,HIMACHAL PRADESH,CENTRAL,HYDRO,HYDRO,NHPC,BAIRA SIUL  HPS,180,87,82.55
REG1,Apr-16,NORTHERN,UTTARAKHAND,STATE,HYDRO,HYDRO,UJVNL,KULHAL  HPS,30,0,6.25
REG3,Apr-16,SOUTHERN,TAMIL NADU,STATE,THERMAL,NATURAL GAS,TNGDCL,VALUTHUR CCPP,186.2,66,55.88
REG3,Apr-16,SOUTHERN,TAMIL NADU,STATE,HYDRO,HYDRO,TNGDCL,BHAWANI KATTAL HPS,30,1,0.95
REG2,Apr-16,WESTERN,CHHATTISGARH,CENTRAL,THERMAL,COAL,NSPCL,BHILAI TPS,500,321,312
REG2,Apr-16,WESTERN,GUJARAT,STATE,THERMAL,COAL,GSECL,WANAKBORI TPS,1470,457,781.06
REG3,Apr-16,SOUTHERN,ANDHRA PRADESH,PVT,THERMAL,NATURAL GAS,GAUTAMI,GAUTAMI CCPP,464,0,0
REG3,Apr-16,SOUTHERN,KARNATAKA,STATE,HYDRO,HYDRO,KPCL,GHAT PRABHA  HPS,32,1,2.27
REG1,Apr-16,NORTHERN,PUNJAB,STATE,THERMAL,COAL,PSPCL,GH TPS (LEH.MOH.),920,333,191.52
REG4,Apr-16,EASTERN,WEST BENGAL,PVT,THERMAL,COAL,CESC,NEW COSSIPORE TPS,NA,0,0
REG2,Apr-16,WESTERN,MAHARASHTRA,STATE,THERMAL,COAL,MAHAGENCO,PARLI TPS,1380,0,0
REG4,Apr-16,EASTERN,BIHAR,STATE,THERMAL,COAL,BSEB,BARAUNI TPS,210,0,0
REG1,Apr-16,NORTHERN,DELHI,STATE,THERMAL,COAL,IPGPCL,RAJGHAT TPS,135,4,0
REG2,Apr-16,WESTERN,GUJARAT,PVT,THERMAL,NATURAL GAS,GIPCL,BARODA CCPP,160,17,45.74
REG4,Apr-16,EASTERN,SIKKIM,CENTRAL,HYDRO,HYDRO,NHPC,RANGIT HPS,60,17,14.58
REG1,Apr-16,NORTHERN,PUNJAB,STATE,HYDRO,HYDRO,PSPCL,RANJIT SAGAR  HPS,600,105,75.32
REG2,Apr-16,WESTERN,GUJARAT,PVT,THERMAL,NATURAL GAS,TOR. POW. (UNOSUGEN),UNOSUGEN CCPP,382.5,0,0
REG2,Apr-16,WESTERN,MAHARASHTRA,CENTRAL,THERMAL,NATURAL GAS,RGPPL,RATNAGIRI CCPP II,740,0,201.26
REG2,Apr-16,WESTERN,GUJARAT,STATE,THERMAL,NATURAL GAS,GPPCL,PIPAVAV CCPP,702,0,40.54
REG1,Apr-16,NORTHERN,PUNJAB,PVT,THERMAL,COAL,NPL,RAJPURA TPP,1400,427,665.46
REG3,Apr-16,SOUTHERN,KERALA,STATE,HYDRO,HYDRO,KSEB,LOWER PERIYAR  HPS.,180,15,12.88
REG3,Apr-16,SOUTHERN,TELANGANA,STATE,HYDRO,HYDRO,TSGENCO,PRIYADARSHNI  JURALA  HPS,234,0,0
REG2,Apr-16,WESTERN,CHHATTISGARH,PVT,THERMAL,COAL,ACB,CHAKABURA TPP,30,16,17.96
REG2,Apr-16,WESTERN,CHHATTISGARH,STATE,THERMAL,COAL,CSPGCL,MARWA TPS,500,0,162.31
REG2,Apr-16,WESTERN,MAHARASHTRA,PVT,THERMAL,COAL,RattanIndia,AMARAVATI TPS,1350,621,487.86
REG4,Apr-16,EASTERN,BIHAR,CENTRAL,THERMAL,COAL,NTPC Ltd.,BARH II,1320,560,444.11
REG1,Apr-16,NORTHERN,UTTAR PRADESH,PVT,THERMAL,COAL,LPGCL,LALITPUR TPS,1980,0,278.11
REG5,Apr-16,NORTH EASTERN,ASSAM,CENTRAL,THERMAL,COAL,NTPC Ltd.,BONGAIGAON TPP,250,90,145.39
REG1,Apr-16,NORTHERN,HIMACHAL PRADESH,CENTRAL,HYDRO,HYDRO,NHPC,CHAMERA- II  HPS,300,116,102.98
REG2,Apr-16,WESTERN,MADHYA PRADESH,STATE,THERMAL,COAL,MPPGCL,AMARKANTAK EXT TPS,210,141,152.3
REG4,Apr-16,EASTERN,WEST BENGAL,STATE,THERMAL,COAL,DPL,D.P.L. TPS,880,171,298.01
REG4,Apr-16,EASTERN,ANDAMAN NICOBAR,STATE,THERMAL,DIESEL,A&N ADM,AND. NICOBAR DG,40.05,12,18.66
REG1,Apr-16,NORTHERN,HARYANA,CENTRAL,THERMAL,NATURAL GAS,NTPC Ltd.,FARIDABAD CCPP,431.59,94,41.85
REG2,Apr-16,WESTERN,CHHATTISGARH,PVT,THERMAL,COAL,LANCO,PATHADI TPP,600,288,429.54
REG3,Apr-16,SOUTHERN,KARNATAKA,STATE,HYDRO,HYDRO,KPCL,VARAHI  HPS,460,81,76.34
REG1,Apr-16,NORTHERN,HIMACHAL PRADESH,PVT,HYDRO,HYDRO,GBHPPL,BUDHIL HPS,70,24,11.64
REG1,Apr-16,NORTHERN,RAJASTHAN,STATE,HYDRO,HYDRO,RRVUNL,R P SAGAR  HPS,172,0,0.02
REG3,Apr-16,SOUTHERN,KARNATAKA,STATE,HYDRO,HYDRO,KPCL,JOG  HPS,139.2,15,58.42
REG2,Apr-16,WESTERN,GUJARAT,STATE,HYDRO,HYDRO,SSNNL,S SAROVAR CHPH  HPS,250,41,17.09
REG2,Apr-16,WESTERN,MAHARASHTRA,STATE,HYDRO,HYDRO,MAHAGENCO,KOYNA DPH  HPS,36,10,19.11
REG4,Apr-16,EASTERN,JHARKHAND,PVT,THERMAL,COAL,TATA PCL,JOJOBERA TPS,360,210,176.94
REG3,Apr-16,SOUTHERN,KERALA,STATE,HYDRO,HYDRO,KSEB,SABARIGIRI  HPS.,300,152,130.15
REG5,Apr-16,NORTH EASTERN,TRIPURA,CENTRAL,THERMAL,NATURAL GAS,NEEPCO.,AGARTALA GT,109.5,62,52.92
REG3,Apr-16,SOUTHERN,TELANGANA,STATE,THERMAL,COAL,TSGENCO,KOTHAGUDEM TPS (NEW),1000,572,607.26
REG4,Apr-16,EASTERN,WEST BENGAL,STATE,THERMAL,COAL,WBPDC,BANDEL TPS,450,117,179.7
REG1,Apr-16,NORTHERN,UTTAR PRADESH,PVT,THERMAL,COAL,BEPL,KUNDARKI TPS,90,30,56.41
REG1,Apr-16,NORTHERN,UTTARAKHAND,PVT,THERMAL,NATURAL GAS,BIPL,BETA CCPP,0,0,0
REG1,Apr-16,NORTHERN,HIMACHAL PRADESH,STATE,HYDRO,HYDRO,HPPCL,SAINJ HPS,0,0,0
REG1,Apr-16,NORTHERN,HIMACHAL PRADESH,STATE,HYDRO,HYDRO,HPSEB,SANJAY  HPS,120,0,0
REG3,Apr-16,SOUTHERN,TAMIL NADU,STATE,HYDRO,HYDRO,TNGDCL,SARKARPATHY  HPS.,30,0,7.67
REG1,Apr-16,NORTHERN,HIMACHAL PRADESH,STATE,HYDRO,HYDRO,HPSEB,BASSI  HPS,60,26,32.22
REG1,Apr-16,NORTHERN,UTTAR PRADESH,STATE,HYDRO,HYDRO,UPJVNL,RIHAND  HPS,300,27,17.26
REG3,Apr-16,SOUTHERN,KARNATAKA,STATE,HYDRO,HYDRO,KPCL,SHARAVATHI  HPS,1035,213,195.55
REG1,Apr-16,NORTHERN,RAJASTHAN,STATE,THERMAL,COAL,RRVUNL,SURATGARH TPS,1500,536,403.52
REG3,Apr-16,SOUTHERN,KARNATAKA,STATE,THERMAL,COAL,KPCL,BELLARY TPS,1700,557,660.38
REG1,Apr-16,NORTHERN,UTTAR PRADESH,CENTRAL,THERMAL,COAL,NTPC Ltd.,TANDA TPS,440,267,288.9
REG1,Apr-16,NORTHERN,UTTARAKHAND,STATE,HYDRO,HYDRO,UJVNL,KHATIMA  HPS,41.4,10,10
REG5,Apr-16,NORTH EASTERN,ASSAM,CENTRAL,HYDRO,HYDRO,NEEPCO.,KOPILI  HPS.,225,2,8.72
REG1,Apr-16,NORTHERN,HIMACHAL PRADESH,STATE,HYDRO,HYDRO,HPSEB,LARJI  HPS,126,61,44.77
REG4,Apr-16,EASTERN,ORISSA,STATE,HYDRO,HYDRO,OHPC,MACHKUND  HPS,114.75,43,19.71
REG2,Apr-16,WESTERN,GUJARAT,CENTRAL,THERMAL,NATURAL GAS,NTPC Ltd.,GANDHAR CCPP,657.39,126,241.38
REG2,Apr-16,WESTERN,GUJARAT,STATE,THERMAL,COAL,GSECL,GANDHI NAGAR TPS,870,197,254.59
REG1,Apr-16,NORTHERN,UTTAR PRADESH,STATE,HYDRO,HYDRO,UPJVNL,MATATILA  HPS,30.6,0,0.67
REG3,Apr-16,SOUTHERN,TAMIL NADU,STATE,HYDRO,HYDRO,TNGDCL,MOYAR  HPS,36,12,15.91
REG3,Apr-16,SOUTHERN,ANDHRA PRADESH,STATE,HYDRO,HYDRO,APGENCO,NAGARJUN SGR RBC   HPS,90,2,0
REG3,Apr-16,SOUTHERN,TELANGANA,STATE,HYDRO,HYDRO,TSGENCO,NAGARJUN SGR  HPS,815.6,10,0.04
REG5,Apr-16,NORTH EASTERN,ASSAM,STATE,THERMAL,NATURAL GAS,APGPCL,NAMRUP CCPP,119,35,30
REG3,Apr-16,SOUTHERN,KERALA,STATE,HYDRO,HYDRO,KSEB,NARIAMANGLAM  HPS,70,13,14.33
REG2,Apr-16,WESTERN,MAHARASHTRA,STATE,THERMAL,COAL,MAHAGENCO,NASIK TPS,630,325,361.87
REG1,Apr-16,NORTHERN,HIMACHAL PRADESH,CENTRAL,HYDRO,HYDRO,SJVNL,NATHPA JHAKRI HPS,1500,397,309.48
REG3,Apr-16,SOUTHERN,KERALA,STATE,HYDRO,HYDRO,KSEB,PALLIVASAL  HPS.,37.5,17,14.68
REG4,Apr-16,EASTERN,JHARKHAND,CENTRAL,THERMAL,COAL,PVUNL,PATRATU TPS,770,49,45.98
REG2,Apr-16,WESTERN,MADHYA PRADESH,STATE,HYDRO,HYDRO,MPPGCL,PENCH  HPS,160,20,11.31
REG3,Apr-16,SOUTHERN,TAMIL NADU,STATE,HYDRO,HYDRO,TNGDCL,PYKARA  HPS.,59.2,1,0.02
REG3,Apr-16,SOUTHERN,TAMIL NADU,STATE,HYDRO,HYDRO,TNGDCL,PYKARA ULTMATE  HPS.,150,27,57.98
REG3,Apr-16,SOUTHERN,TELANGANA,STATE,THERMAL,COAL,TSGENCO,RAMAGUNDEM - B TPS,62.5,26,39.72
REG1,Apr-16,NORTHERN,UTTAR PRADESH,CENTRAL,THERMAL,COAL,NTPC Ltd.,UNCHAHAR TPS,1050,491,507.19
REG4,Apr-16,EASTERN,SIKKIM,STATE,HYDRO,HYDRO,TUL,TEESTA-III HPS,0,0,0
REG3,Apr-16,SOUTHERN,TAMIL NADU,PVT,THERMAL,COAL,IBPIL,TUTICORIN (P) TPP,300,62,23.62
REG3,Apr-16,SOUTHERN,TAMIL NADU,PVT,THERMAL,COAL,CEPL,MUTHIARA TPP,1200,230,650.7
REG1,Apr-16,NORTHERN,DELHI,CENTRAL,THERMAL,COAL,NTPC Ltd.,BADARPUR TPS,705,88,233.63
REG3,Apr-16,SOUTHERN,KARNATAKA,PVT,THERMAL,COAL,JSWEL,TORANGALLU TPS(SBU-I),260,176,188.88
REG2,Apr-16,WESTERN,MAHARASHTRA,STATE,THERMAL,NATURAL GAS,MAHAGENCO,URAN CCPP,672,206,305.76
REG3,Apr-16,SOUTHERN,KERALA,STATE,HYDRO,HYDRO,KSEB,KUTTIYADI ADDL. EXTN. HPS,100,NA,10.87
REG1,Apr-16,NORTHERN,PUNJAB,PVT,THERMAL,COAL,TSPL,TALWANDI SABO TPP,1980,378,457.64
REG3,Apr-16,SOUTHERN,ANDHRA PRADESH,PVT,THERMAL,COAL,TPCIL,PAINAMPURAM TPP,1320,740,521.39
REG2,Apr-16,WESTERN,MAHARASHTRA,CENTRAL,THERMAL,COAL,NTPC Ltd.,MAUDA TPS,1660,259,480.15
REG3,Apr-16,SOUTHERN,TAMIL NADU,STATE,HYDRO,HYDRO,TNGDCL,METTUR TUNNEL  HPS.,200,0,0
REG3,Apr-16,SOUTHERN,KARNATAKA,PVT,THERMAL,COAL,UPCL,UDUPI TPP,1200,704,714.72
REG1,Apr-16,NORTHERN,HIMACHAL PRADESH,PVT,HYDRO,HYDRO,HBPCL,KARCHAM WANGTOO HPS,1000,200,157.14
REG3,Apr-16,SOUTHERN,ANDHRA PRADESH,PVT,THERMAL,COAL,MEL,THAMMINAPATNAM TPS,300,146,203.38
REG2,Apr-16,WESTERN,MADHYA PRADESH,PVT,THERMAL,COAL,MBPMPL,ANUPPUR TPP,1200,288,237.45
REG3,Apr-16,SOUTHERN,TELANGANA,STATE,THERMAL,COAL,SCCL,SINGARENI TPP,600,0,0
REG2,Apr-16,WESTERN,MAHARASHTRA,STATE,HYDRO,HYDRO,MAHAGENCO,BHIRA TAIL RACE  HPS,80,4,5.82
REG2,Apr-16,WESTERN,MAHARASHTRA,PVT,HYDRO,HYDRO,TATA MAH.,BHIVPURI  HPS,75,30,0.8
REG1,Apr-16,NORTHERN,HIMACHAL PRADESH,CENTRAL,HYDRO,HYDRO,NHPC,CHAMERA- I  HPS,540,208,190.81
REG5,Apr-16,NORTH EASTERN,NAGALAND,CENTRAL,HYDRO,HYDRO,NEEPCO.,DOYANG  HPS.,75,2,2.09
REG1,Apr-16,NORTHERN,RAJASTHAN,STATE,THERMAL,COAL,RRVUNL,CHHABRA TPP,1000,319,618.1
REG1,Apr-16,NORTHERN,RAJASTHAN,PVT,THERMAL,COAL,RWPL (JSW),JALIPA KAPURDI TPP,1080,533,554.81
REG3,Apr-16,SOUTHERN,ANDHRA PRADESH,STATE,THERMAL,COAL,APGENCO,Dr. N.TATA RAO TPS,1760,1096,1167.19
REG3,Apr-16,SOUTHERN,KARNATAKA,CENTRAL,NUCLEAR,NUCLEAR,NPCIL,KAIGA,880,540,565.21
REG2,Apr-16,WESTERN,GUJARAT,STATE,HYDRO,HYDRO,SSNNL,S SAROVAR RBPH  HPS,1200,0,0
REG2,Apr-16,WESTERN,GUJARAT,PVT,THERMAL,COAL,TOR. POW. (UNOSUGEN),SABARMATI (C STATION),60,0,0
REG3,Apr-16,SOUTHERN,TELANGANA,STATE,THERMAL,COAL,TSGENCO,KAKATIYA TPS,1100,309,472.75
REG4,Apr-16,EASTERN,WEST BENGAL,CENTRAL,HYDRO,HYDRO,NHPC,TEESTA LOW DAM-IV HPS,80,20,33.62
REG2,Apr-16,WESTERN,GUJARAT,PVT,THERMAL,COAL,CGPL,MUNDRA UMTPP,4000,2344,1810.31
REG3,Apr-16,SOUTHERN,ANDHRA PRADESH,PVT,THERMAL,NATURAL GAS,KONDAPALI,KONDAPALLI ST-3 CCPP,742,42,243.55
REG3,Apr-16,SOUTHERN,KARNATAKA,CENTRAL,THERMAL,COAL,NTPC Ltd.,KUDGI STPP,0,0,0
REG4,Apr-16,EASTERN,WEST BENGAL,PVT,THERMAL,COAL,IEL,INDIA POWER TPP (HALDIA),0,0,0
REG1,Apr-16,NORTHERN,HIMACHAL PRADESH,PVT,HYDRO,HYDRO,HBPCL,BASPA  HPS,300,47,40.27
REG3,Apr-16,SOUTHERN,KARNATAKA,PVT,THERMAL,DIESEL,TATA PCL,BELGAUM DG,81.3,0,0
REG1,Apr-16,NORTHERN,UTTAR PRADESH,CENTRAL,THERMAL,COAL,NTPC Ltd.,SINGRAULI STPS,2000,1220,753.55
REG3,Apr-16,SOUTHERN,TAMIL NADU,STATE,HYDRO,HYDRO,TNGDCL,SURULIYAR  HPS.,35,1,5.57
REG2,Apr-16,WESTERN,MAHARASHTRA,PVT,HYDRO,HYDRO,TATA MAH.,KHOPOLI  HPS,72,25,17.91
REG3,Apr-16,SOUTHERN,ANDHRA PRADESH,PVT,THERMAL,NATURAL GAS,KONA,KONASEEMA CCPP,445,0,0
REG2,Apr-16,WESTERN,CHHATTISGARH,STATE,THERMAL,COAL,CSPGCL,KORBA-WEST TPS,1340,791,826.19
REG3,Apr-16,SOUTHERN,TAMIL NADU,STATE,HYDRO,HYDRO,TNGDCL,KUNDAH  HPS.,555,130,181.76
REG1,Apr-16,NORTHERN,PUNJAB,CENTRAL,HYDRO,HYDRO,BBMB,GANGUWAL  HPS,77.65,36,31.66
REG1,Apr-16,NORTHERN,RAJASTHAN,STATE,THERMAL,COAL,RRVUNL,GIRAL TPS,250,37,0
REG4,Apr-16,EASTERN,WEST BENGAL,STATE,THERMAL,NATURAL GAS,WBPDC,HALDIA GT (Liq.),40,0,0
REG2,Apr-16,WESTERN,GUJARAT,STATE,THERMAL,NATURAL GAS,GSEGL,HAZIRA CCPP,156.1,10,23.59
REG4,Apr-16,EASTERN,ORISSA,STATE,HYDRO,HYDRO,OHPC,HIRAKUD HPS,347.5,52,42.12
REG1,Apr-16,NORTHERN,RAJASTHAN,STATE,HYDRO,HYDRO,RRVUNL,JAWAHAR SAGAR  HPS,99,0,0.4
REG3,Apr-16,SOUTHERN,KARNATAKA,STATE,HYDRO,HYDRO,KPCL,MUNIRABAD  HPS,28,2,0
REG3,Apr-16,SOUTHERN,TAMIL NADU,CENTRAL,THERMAL,COAL,NLC,NEYVELI ( EXT) TPS,420,272,255.84
REG2,Apr-16,WESTERN,MADHYA PRADESH,STATE,HYDRO,HYDRO,MPPGCL,BANSAGAR TONS-III  HPS,60,0,0
REG3,Apr-16,SOUTHERN,TAMIL NADU,CENTRAL,THERMAL,COAL,NLC,NEYVELI TPS-II,1470,908,1043.39
REG3,Apr-16,SOUTHERN,TAMIL NADU,STATE,THERMAL,COAL,TNGDCL,NORTH CHENNAI TPS,1830,966,997.67
REG3,Apr-16,SOUTHERN,TAMIL NADU,STATE,HYDRO,HYDRO,TNGDCL,ALIYAR  HPS.,60,10,5.7
REG4,Apr-16,EASTERN,WEST BENGAL,STATE,HYDRO,HYDRO,WBSEDCL,RAMMAM  HPS.,50,9,8.17
REG5,Apr-16,NORTH EASTERN,MEGHALAYA,STATE,HYDRO,HYDRO,MeECL,UMIAM  HPS ST-I,36,5,8.98
REG1,Apr-16,NORTHERN,PUNJAB,PVT,THERMAL,COAL,GPGSL (GVK),GOINDWAL SAHIB TPP,540,0,58.11
REG4,Apr-16,EASTERN,ORISSA,PVT,THERMAL,COAL,IBPIL,UTKAL TPP(IND BARATH),350,0,0
REG4,Apr-16,EASTERN,BIHAR,CENTRAL,THERMAL,COAL,NTPC Ltd.,KAHALGAON TPS,2340,1344,1433.88
REG5,Apr-16,NORTH EASTERN,MEGHALAYA,STATE,HYDRO,HYDRO,MeECL,MYNTDU(LESHKA) St-1 HPS,126,7,26.49
REG1,Apr-16,NORTHERN,UTTAR PRADESH,STATE,HYDRO,HYDRO,UPJVNL,KHARA  HPS,72,30,13.03
REG1,Apr-16,NORTHERN,RAJASTHAN,CENTRAL,THERMAL,COAL,NLC,BARSINGSAR LIGNITE,250,81,76.76
REG1,Apr-16,NORTHERN,UTTAR PRADESH,PVT,THERMAL,COAL,PPGCL (Jaypee),PRAYAGRAJ TPP,660,0,239.94
REG4,Apr-16,EASTERN,BIHAR,CENTRAL,THERMAL,COAL,BRBCL,NABI NAGAR TPP,250,0,0
REG3,Apr-16,SOUTHERN,TELANGANA,STATE,HYDRO,HYDRO,TSGENCO,SRISAILAM LB  HPS,900,49,0
REG1,Apr-16,NORTHERN,JAMMU AND KASHMIR,CENTRAL,HYDRO,HYDRO,NHPC,URI-II HPS,240,120,158.79
REG1,Apr-16,NORTHERN,HIMACHAL PRADESH,CENTRAL,HYDRO,HYDRO,NHPC,CHAMERA-III HPS,231,65,63.55
REG1,Apr-16,NORTHERN,HARYANA,CENTRAL,THERMAL,COAL,APCPL,INDIRA GANDHI STPP,1500,489,466.42
REG1,Apr-16,NORTHERN,UTTAR PRADESH,PVT,THERMAL,COAL,BEPL,BARKHERA TPS,90,28,56.29
REG1,Apr-16,NORTHERN,JAMMU AND KASHMIR,STATE,HYDRO,HYDRO,JKSPDC,LOWER JHELUM  HPS,105,60,52.58
REG1,Apr-16,NORTHERN,JAMMU AND KASHMIR,CENTRAL,HYDRO,HYDRO,NHPC,URI-I HPS,480,330,339.71
REG3,Apr-16,SOUTHERN,TAMIL NADU,CENTRAL,THERMAL,COAL,NTPL,TUTICORIN (JV) TPP,1000,610,592.67
REG4,Apr-16,EASTERN,WEST BENGAL,PVT,THERMAL,COAL,CESC,BUDGE BUDGE TPS,750,487,507.94
REG2,Apr-16,WESTERN,MAHARASHTRA,STATE,THERMAL,COAL,MAHAGENCO,CHANDRAPUR(MAHARASHTRA) STPS,3340,990,946.01
REG1,Apr-16,NORTHERN,UTTARAKHAND,STATE,HYDRO,HYDRO,UJVNL,DHALIPUR  HPS,51,0,9.59
REG2,Apr-16,WESTERN,GUJARAT,STATE,THERMAL,NATURAL GAS,GSECL,DHUVARAN CCPP,594.72,10,47.21
REG3,Apr-16,SOUTHERN,TAMIL NADU,STATE,THERMAL,COAL,TNGDCL,ENNORE TPS,450,34,39.73
REG1,Apr-16,NORTHERN,HIMACHAL PRADESH,PVT,HYDRO,HYDRO,ADHPL,ALLAIN DUHANGAN  HPS,192,26,28.11
REG4,Apr-16,EASTERN,JHARKHAND,STATE,HYDRO,HYDRO,JSEB,SUBERNREKHA  HPS.,130,0,0.19
REG2,Apr-16,WESTERN,MAHARASHTRA,STATE,HYDRO,HYDRO,MAHAGENCO,KOYNA-IV  HPS,1000,217,96.84
REG3,Apr-16,SOUTHERN,KARNATAKA,STATE,HYDRO,HYDRO,KPCL,KADRA  HPS,150,19,19.67
REG5,Apr-16,NORTH EASTERN,ASSAM,CENTRAL,THERMAL,NATURAL GAS,NEEPCO.,KATHALGURI CCPP,291,141,152.47
REG2,Apr-16,WESTERN,GUJARAT,CENTRAL,THERMAL,NATURAL GAS,NTPC Ltd.,KAWAS CCPP,656.2,135,194.21
REG3,Apr-16,SOUTHERN,KERALA,CENTRAL,THERMAL,NATURAL GAS,NTPC Ltd.,R. GANDHI CCPP (Liq.),359.58,45,15.4
REG2,Apr-16,WESTERN,MAHARASHTRA,STATE,THERMAL,COAL,MAHAGENCO,KHAPARKHEDA TPS,1340,621,642.97
REG1,Apr-16,NORTHERN,HARYANA,STATE,THERMAL,COAL,HPGCL,PANIPAT TPS,920,140,186.58
REG4,Apr-16,EASTERN,SIKKIM,CENTRAL,HYDRO,HYDRO,NHPC,TEESTA V HPS,510,164,224.22
REG1,Apr-16,NORTHERN,JAMMU AND KASHMIR,STATE,HYDRO,HYDRO,JKSPDC,UPPER SINDH-II HPS,105,20,41.51
REG2,Apr-16,WESTERN,MAHARASHTRA,PVT,THERMAL,COAL,EEL,EMCO WARORA TPS,600,320,224.88
REG2,Apr-16,WESTERN,MAHARASHTRA,PVT,THERMAL,COAL,APL,TIRORA TPS,3300,1717,1792.86
REG3,Apr-16,SOUTHERN,TAMIL NADU,STATE,HYDRO,HYDRO,TNGDCL,BHAWANI BARRAGE-II HPS,30,1,0
REG2,Apr-16,WESTERN,CHHATTISGARH,PVT,THERMAL,COAL,SVPPL,SVPL TPP,63,9,0.16
REG1,Apr-16,NORTHERN,HARYANA,PVT,THERMAL,COAL,JhPL(HR),MAHATMA GANDHI TPS,1320,372,35.04
REG1,Apr-16,NORTHERN,RAJASTHAN,STATE,THERMAL,COAL,RRVUNL,KALISINDH TPS,1200,558,703.18
REG3,Apr-16,SOUTHERN,ANDHRA PRADESH,PVT,THERMAL,NATURAL GAS,GREL,GREL CCPP (Rajahmundry),768,0,0
REG4,Apr-16,EASTERN,ORISSA,PVT,THERMAL,COAL,LBPL,LANCO BABANDH TPP,0,0,0
REG4,Apr-16,EASTERN,SIKKIM,PVT,HYDRO,HYDRO,DEPL,TASHIDING HPS,0,0,0
REG3,Apr-16,SOUTHERN,TAMIL NADU,PVT,THERMAL,DIESEL,MADURAI P,SAMAYANALLUR DG,106.001,1,8.6
REG2,Apr-16,WESTERN,MADHYA PRADESH,STATE,THERMAL,COAL,MPPGCL,SATPURA TPS,1330,470,692.55
REG2,Apr-16,WESTERN,CHHATTISGARH,CENTRAL,THERMAL,COAL,NTPC Ltd.,SIPAT STPS,2980,1731,2058.45
REG2,Apr-16,WESTERN,GUJARAT,PVT,THERMAL,NATURAL GAS,TOR. POW. (SUGEN),SUGEN CCPP,1147.5,226,406.5
REG5,Apr-16,NORTH EASTERN,MEGHALAYA,CENTRAL,HYDRO,HYDRO,NEEPCO.,KHONDONG  HPS.,50,4,8.91
REG2,Apr-16,WESTERN,MAHARASHTRA,STATE,THERMAL,COAL,MAHAGENCO,KORADI TPS,2360,511,71.11
REG5,Apr-16,NORTH EASTERN,MEGHALAYA,STATE,HYDRO,HYDRO,MeECL,KYRDEMKULAI  HPS.,60,6,9.84
REG5,Apr-16,NORTH EASTERN,MANIPUR,STATE,THERMAL,DIESEL,"ED, Manipur",LEIMAKHONG DG,36,0,0
REG3,Apr-16,SOUTHERN,TAMIL NADU,STATE,HYDRO,HYDRO,TNGDCL,LOWER METTUR  HPS.,120,5,3.79
REG1,Apr-16,NORTHERN,UTTARAKHAND,STATE,HYDRO,HYDRO,UJVNL,MANERI BHALI - II  HPS,304,74,59.43
REG2,Apr-16,WESTERN,MAHARASHTRA,STATE,HYDRO,HYDRO,MAHAGENCO,VAITARNA  HPS,60,25,14.78
REG2,Apr-16,WESTERN,MADHYA PRADESH,CENTRAL,THERMAL,COAL,NTPC Ltd.,VINDHYACHAL STPS,4760,2638,3112.13
REG1,Apr-16,NORTHERN,UTTAR PRADESH,STATE,THERMAL,COAL,UPRVUNL,ANPARA TPS,2630,928,1160.01
REG3,Apr-16,SOUTHERN,KERALA,STATE,HYDRO,HYDRO,KSEB,IDAMALAYAR  HPS.,75,34,26.51
REG4,Apr-16,EASTERN,BIHAR,CENTRAL,THERMAL,COAL,K.B.U.N.L,MUZAFFARPUR TPS,415,114,115.18
REG1,Apr-16,NORTHERN,PUNJAB,CENTRAL,HYDRO,HYDRO,BBMB,PONG H P S,396,10,47.35
REG3,Apr-16,SOUTHERN,KARNATAKA,STATE,THERMAL,COAL,KPCL,RAICHUR TPS,1720,992,1085.15
REG2,Apr-16,WESTERN,MADHYA PRADESH,STATE,HYDRO,HYDRO,MPPGCL,RAJGHAT  HPS,45,0,0
REG1,Apr-16,NORTHERN,UTTARAKHAND,STATE,HYDRO,HYDRO,UJVNL,RAMGANGA  HPS,198,17,6.64
REG1,Apr-16,NORTHERN,RAJASTHAN,STATE,THERMAL,NATURAL GAS,RRVUNL,RAMGARH CCPP,273.8,135,150.97
REG3,Apr-16,SOUTHERN,ANDHRA PRADESH,STATE,THERMAL,COAL,APGENCO,RAYALASEEMA TPS,1050,623,706.6
REG1,Apr-16,NORTHERN,UTTAR PRADESH,CENTRAL,THERMAL,COAL,NTPC Ltd.,RIHAND STPS,3000,1541,1901.51
REG4,Apr-16,EASTERN,ORISSA,STATE,HYDRO,HYDRO,OHPC,UPPER KOLAB  HPS.,320,72,79.89
REG3,Apr-16,SOUTHERN,ANDHRA PRADESH,STATE,HYDRO,HYDRO,APGENCO,UPPER SILERU  HPS,240,38,16.99
REG1,Apr-16,NORTHERN,HIMACHAL PRADESH,PVT,HYDRO,HYDRO,HSPCL,SORANG HPS,0,NA,0
REG1,Apr-16,NORTHERN,UTTARAKHAND,PVT,HYDRO,HYDRO,AHPC (GVK),SRINAGAR HPS,330,89,38.91
REG2,Apr-16,WESTERN,MADHYA PRADESH,STATE,THERMAL,COAL,MPPGCL,SHRI SINGHAJI TPP,1200,562,78.6
REG2,Apr-16,WESTERN,MADHYA PRADESH,PVT,THERMAL,COAL,SPL,SASAN UMTPP,3960,2700,2849.11
REG4,Apr-16,EASTERN,ORISSA,PVT,THERMAL,COAL,JITPL,DERANG TPP,1200,454,713.75
REG2,Apr-16,WESTERN,MADHYA PRADESH,PVT,THERMAL,COAL,BLAPPL,NIWARI TPP,45,10,26.53
REG2,Apr-16,WESTERN,MADHYA PRADESH,STATE,THERMAL,COAL,MPPGCL,SANJAY GANDHI TPS,1340,599,773.71
REG4,Apr-16,EASTERN,WEST BENGAL,PVT,THERMAL,COAL,CESC,TITAGARH TPS,240,33,73.99
REG2,Apr-16,WESTERN,GUJARAT,PVT,THERMAL,NATURAL GAS,TOR. POW. (UNOSUGEN),DGEN MEGA CCPP,1200,0,0
REG5,Apr-16,NORTH EASTERN,MEGHALAYA,STATE,HYDRO,HYDRO,MeECL,NEW UMTRU HPS,0,0,0
REG2,Apr-16,WESTERN,MADHYA PRADESH,PVT,THERMAL,COAL,JPPVL,NIGRI TPP,1320,494,704.04
REG3,Apr-16,SOUTHERN,TAMIL NADU,STATE,HYDRO,HYDRO,TNGDCL,PARSON`S VALLEY  HPS.,30,3,5.61
REG4,Apr-16,EASTERN,SIKKIM,PVT,HYDRO,HYDRO,GISL,CHUZACHEN HPS,99,20,29.18
REG5,Apr-16,NORTH EASTERN,TRIPURA,CENTRAL,THERMAL,NATURAL GAS,NEEPCO.,MONARCHAK CCPP,101,25,10.58
REG4,Apr-16,EASTERN,WEST BENGAL,PVT,THERMAL,COAL,HEL,HALDIA TPP,600,344,374.43
REG3,Apr-16,SOUTHERN,KARNATAKA,STATE,THERMAL,COAL,KPCL,YERMARUS TPP,800,0,0
REG2,Apr-16,WESTERN,MAHARASHTRA,STATE,THERMAL,COAL,MAHAGENCO,BHUSAWAL TPS,1420,720,827.96
REG4,Apr-16,EASTERN,WEST BENGAL,CENTRAL,THERMAL,COAL,DVC,DURGAPUR TPS,340,93,128.11
REG2,Apr-16,WESTERN,GUJARAT,PVT,THERMAL,COAL,APL,MUNDRA TPS,4620,2597,2374.62
REG3,Apr-16,SOUTHERN,TAMIL NADU,PVT,THERMAL,DIESEL,VASAVI,B. BRIDGE D.G,200,0,0
REG3,Apr-16,SOUTHERN,KERALA,STATE,HYDRO,HYDRO,KSEB,KAKKAD  HPS.,50,21,19.13
REG3,Apr-16,SOUTHERN,KERALA,STATE,HYDRO,HYDRO,KSEB,SENGULAM  HPS.,48,9,8.2
REG1,Apr-16,NORTHERN,JAMMU AND KASHMIR,CENTRAL,HYDRO,HYDRO,NHPC,SEWA-II  HPS,120,75,58.54
REG3,Apr-16,SOUTHERN,TAMIL NADU,CENTRAL,THERMAL,COAL,NTECL,VALLUR TPP,1500,747,742.78
REG2,Apr-16,WESTERN,MAHARASHTRA,PVT,THERMAL,COAL,AMNEPL,MIHAN TPS,246,0,0
REG2,Apr-16,WESTERN,GUJARAT,PVT,THERMAL,COAL,EPGL,SALAYA TPP,1200,394,515.34
REG2,Apr-16,WESTERN,CHHATTISGARH,CENTRAL,THERMAL,COAL,NTPC Ltd.,LARA TPP,0,0,0
REG3,Apr-16,SOUTHERN,TAMIL NADU,PVT,THERMAL,DIESEL,SAMALPATI,SAMALPATTI DG,105.7,2,0
REG4,Apr-16,EASTERN,WEST BENGAL,STATE,THERMAL,COAL,WBPDC,SANTALDIH TPS,980,307,323.9
REG1,Apr-16,NORTHERN,UTTARAKHAND,PVT,HYDRO,HYDRO,JPPVL,VISHNU PRAYAG  HPS,400,81,65.94
REG1,Apr-16,NORTHERN,UTTAR PRADESH,STATE,THERMAL,COAL,UPRVUNL,PARICHHA TPS,1140,623,754.83
REG3,Apr-16,SOUTHERN,KARNATAKA,STATE,HYDRO,HYDRO,KPCL,KODASALI  HPS,120,22,22.64
REG3,Apr-16,SOUTHERN,ANDHRA PRADESH,PVT,THERMAL,NATURAL GAS,KONDAPALI,KONDAPALLI CCPP,350,50,65.99
REG2,Apr-16,WESTERN,CHHATTISGARH,STATE,THERMAL,COAL,CSPGCL,KORBA-II,200,77,107.79
REG3,Apr-16,SOUTHERN,TELANGANA,STATE,THERMAL,COAL,TSGENCO,KOTHAGUDEM TPS,720,377,368.2
REG2,Apr-16,WESTERN,MAHARASHTRA,STATE,HYDRO,HYDRO,MAHAGENCO,KOYNA-I  HPS,280,80,62.08
REG5,Apr-16,NORTH EASTERN,ASSAM,STATE,THERMAL,NATURAL GAS,APGPCL,LAKWA GT,157.2,73,73.34
REG2,Apr-16,WESTERN,GUJARAT,STATE,THERMAL,COAL,GMDCL,AKRIMOTA LIG TPS,250,132,128.62
REG1,Apr-16,NORTHERN,HIMACHAL PRADESH,PVT,HYDRO,HYDRO,MPCL,MALANA  HPS,86,16,15.74
REG3,Apr-16,SOUTHERN,ANDHRA PRADESH,PVT,THERMAL,NATURAL GAS,APGCL,VIJJESWARAM CCPP,272,58,55.4
REG2,Apr-16,WESTERN,GUJARAT,STATE,HYDRO,HYDRO,GSECL,UKAI  HPS,300,64,55.23
REG3,Apr-16,SOUTHERN,TAMIL NADU,STATE,THERMAL,COAL,TNGDCL,METTUR TPS,1440,841,976.78
REG2,Apr-16,WESTERN,CHHATTISGARH,PVT,THERMAL,COAL,JPL,OP JINDAL TPS,1000,444,469.55
REG3,Apr-16,SOUTHERN,TAMIL NADU,PVT,THERMAL,NATURAL GAS,PPNPGCL,P.NALLUR CCPP,330.5,4,82.78
REG3,Apr-16,SOUTHERN,TAMIL NADU,STATE,HYDRO,HYDRO,TNGDCL,PAPANASAM  HPS.,32,2,4.08
REG2,Apr-16,WESTERN,MAHARASHTRA,STATE,THERMAL,COAL,MAHAGENCO,PARAS TPS,500,190,350.87
REG1,Apr-16,NORTHERN,PUNJAB,CENTRAL,HYDRO,HYDRO,BBMB,BHAKRA H  P S,1343,220,302.57
REG2,Apr-16,WESTERN,GUJARAT,PVT,THERMAL,COAL,TOR. POW. (UNOSUGEN),SABARMATI (D-F STATIONS),362,210,238.64
REG2,Apr-16,WESTERN,MAHARASHTRA,PVT,HYDRO,HYDRO,DLHP,BHANDARDHARA  HPS ST-II,34,5,0.98
REG2,Apr-16,WESTERN,MAHARASHTRA,PVT,THERMAL,COAL,GEPL,GEPL TPP Ph-I,120,0,0
REG2,Apr-16,WESTERN,CHHATTISGARH,PVT,THERMAL,COAL,DBPCL,BARADARHA TPS,1200,289,612.92
REG2,Apr-16,WESTERN,MAHARASHTRA,PVT,THERMAL,COAL,DIPL,DHARIWAL TPP,600,91,145.01
REG3,Apr-16,SOUTHERN,ANDHRA PRADESH,PVT,THERMAL,NATURAL GAS,BSES(P),PEDDAPURAM CCPP,220,5,0
REG4,Apr-16,EASTERN,ORISSA,STATE,THERMAL,COAL,OPGC,IB VALLEY TPS,420,272,285.67
REG2,Apr-16,WESTERN,CHHATTISGARH,PVT,THERMAL,COAL,SKS,BINJKOTE TPP,0,0,0
REG2,Apr-16,WESTERN,CHHATTISGARH,PVT,THERMAL,COAL,TRNE,NAWAPARA TPP,0,0,0
REG2,Apr-16,WESTERN,CHHATTISGARH,PVT,THERMAL,COAL,RKMPPL,UCHPINDA TPP,720,132,0
REG3,Apr-16,SOUTHERN,ANDHRA PRADESH,PVT,THERMAL,COAL,HNPC,VIZAG TPP,1040,141,3.54
REG3,Apr-16,SOUTHERN,TAMIL NADU,STATE,HYDRO,HYDRO,TNGDCL,KADAMPARI  HPS.,400,26,44.98
REG1,Apr-16,NORTHERN,UTTAR PRADESH,CENTRAL,THERMAL,NATURAL GAS,NTPC Ltd.,AURAIYA CCPP,663.36,142,115.19
REG1,Apr-16,NORTHERN,UTTARAKHAND,CENTRAL,HYDRO,HYDRO,THDC,KOTESHWAR HPS,400,80,63.67
REG4,Apr-16,EASTERN,WEST BENGAL,CENTRAL,THERMAL,COAL,DVC,RAGHUNATHPUR TPP,1200,59,0
REG2,Apr-16,WESTERN,MAHARASHTRA,PVT,THERMAL,COAL,WPCL,WARDHA WARORA TPP,540,180,135.16
REG2,Apr-16,WESTERN,CHHATTISGARH,PVT,THERMAL,COAL,BALCO,BALCO TPS,600,124,330.09
REG1,Apr-16,NORTHERN,UTTARAKHAND,STATE,HYDRO,HYDRO,UJVNL,CHIBRO (YAMUNA)  HPS,240,57,38.45
REG2,Apr-16,WESTERN,CHHATTISGARH,PVT,THERMAL,COAL,SCPL,RATIJA TPS,50,16,36.71
REG3,Apr-16,SOUTHERN,ANDHRA PRADESH,STATE,THERMAL,COAL,APPDCL,DAMODARAM SANJEEVAIAH TPS,1600,688,777.12
REG1,Apr-16,NORTHERN,RAJASTHAN,CENTRAL,NUCLEAR,NUCLEAR,DAE,DAE (RAJASTHAN),100,0,0
REG3,Apr-16,SOUTHERN,TAMIL NADU,STATE,HYDRO,HYDRO,TNGDCL,BHAWANI BARRAGE III HPS,30,0,0
REG2,Apr-16,WESTERN,GUJARAT,STATE,THERMAL,COAL,BECL,BHAVNAGAR CFBC TPP,0,0,0
REG2,Apr-16,WESTERN,CHHATTISGARH,PVT,THERMAL,COAL,GCEL,RAIKHEDA TPP,1370,206,155.95
REG1,Apr-16,NORTHERN,UTTAR PRADESH,CENTRAL,THERMAL,COAL,NTPC Ltd.,DADRI (NCTPP),1820,782,773.58
REG2,Apr-16,WESTERN,GUJARAT,PVT,THERMAL,NATURAL GAS,ESSAR,ESSAR CCPP,515,0,0
REG1,Apr-16,NORTHERN,HIMACHAL PRADESH,PVT,HYDRO,HYDRO,E.P.P.L.,MALANA-II  HPS,100,20,15.16
REG5,Apr-16,NORTH EASTERN,ASSAM,STATE,HYDRO,HYDRO,APGPCL,KARBI LANGPI  HPS.,100,9,13.25
REG1,Apr-16,NORTHERN,JAMMU AND KASHMIR,STATE,HYDRO,HYDRO,JKSPDC,BAGLIHAR  HPS,450,260,269.32
REG1,Apr-16,NORTHERN,UTTAR PRADESH,STATE,THERMAL,COAL,UPRVUNL,OBRA TPS,1278,237,299.55
REG4,Apr-16,EASTERN,WEST BENGAL,CENTRAL,THERMAL,COAL,DVC,MEJIA TPS,2340,1097,1186.16
REG3,Apr-16,SOUTHERN,TAMIL NADU,PVT,THERMAL,NATURAL GAS,ABAN POWR,KARUPPUR CCPP,119.8,45,39.29
REG3,Apr-16,SOUTHERN,KARNATAKA,STATE,HYDRO,HYDRO,KPCL,KALINADI  HPS,855,186,231.4
REG3,Apr-16,SOUTHERN,KARNATAKA,STATE,HYDRO,HYDRO,KPCL,SIVASAMUNDRUM  HPS,42,11,5.82
REG2,Apr-16,WESTERN,CHHATTISGARH,STATE,THERMAL,COAL,CSPGCL,DSPM TPS,500,319,353.27
REG3,Apr-16,SOUTHERN,KARNATAKA,PVT,THERMAL,COAL,JSWEL,TORANGALLU TPS(SBU-II),600,376,433.05
REG2,Apr-16,WESTERN,CHHATTISGARH,PVT,THERMAL,COAL,VESPL,KATGHORA TPP,35,0,0
REG2,Apr-16,WESTERN,MAHARASHTRA,PVT,THERMAL,COAL,IEPL,BELA TPS,270,0,0
REG3,Apr-16,SOUTHERN,ANDHRA PRADESH,PVT,THERMAL,COAL,SGPL,SGPL TPP,0,0,0
REG5,Apr-16,NORTH EASTERN,ARUNACHAL PRADESH,CENTRAL,HYDRO,HYDRO,NEEPCO.,PARE HPS,0,0,0
REG4,Apr-16,EASTERN,WEST BENGAL,STATE,THERMAL,COAL,WBPDC,SAGARDIGHI TPS,1100,157,369.86
REG3,Apr-16,SOUTHERN,ANDHRA PRADESH,CENTRAL,THERMAL,COAL,NTPC Ltd.,SIMHADRI,2000,1257,1377.63
REG3,Apr-16,SOUTHERN,ANDHRA PRADESH,STATE,HYDRO,HYDRO,APGENCO,SRISAILAM  HPS,770,67,6.75
REG2,Apr-16,WESTERN,GUJARAT,PVT,THERMAL,COAL,GIPCL,SURAT LIG. TPS,500,303,322.62
REG4,Apr-16,EASTERN,JHARKHAND,STATE,THERMAL,COAL,TVNL,TENUGHAT TPS,420,235,155.92
REG4,Apr-16,EASTERN,WEST BENGAL,STATE,THERMAL,COAL,WBPDC,KOLAGHAT TPS,1260,517,621.98
REG2,Apr-16,WESTERN,MAHARASHTRA,CENTRAL,THERMAL,NATURAL GAS,RGPPL,RATNAGIRI CCPP I,740,0,0
REG2,Apr-16,WESTERN,CHHATTISGARH,CENTRAL,THERMAL,COAL,NTPC Ltd.,KORBA STPS,2600,1665,1833.17
REG1,Apr-16,NORTHERN,RAJASTHAN,STATE,THERMAL,COAL,RRVUNL,KOTA TPS,1240,574,651.18
REG4,Apr-16,EASTERN,ORISSA,STATE,HYDRO,HYDRO,OHPC,BALIMELA  HPS.,510,108,63.6
REG3,Apr-16,SOUTHERN,ANDHRA PRADESH,PVT,THERMAL,DIESEL,LVS POWER,LVS POWER DG,36.8,0,0
REG3,Apr-16,SOUTHERN,ANDHRA PRADESH,PVT,THERMAL,NATURAL GAS,VEMAGIRI,VEMAGIRI CCPP,370,0,0
REG2,Apr-16,WESTERN,MAHARASHTRA,PVT,HYDRO,HYDRO,TATA MAH.,BHIRA   HPS,150,65,23.33
REG1,Apr-16,NORTHERN,HIMACHAL PRADESH,STATE,HYDRO,HYDRO,HPSEB,GIRI BATA HPS,60,1,1.89
REG1,Apr-16,NORTHERN,PUNJAB,STATE,THERMAL,COAL,PSPCL,GND TPS(BHATINDA),440,104,56.69
REG3,Apr-16,SOUTHERN,ANDHRA PRADESH,PVT,THERMAL,NATURAL GAS,SPGL,GODAVARI CCPP,208,48,29.54
REG1,Apr-16,NORTHERN,UTTAR PRADESH,STATE,THERMAL,COAL,UPRVUNL,HARDUAGANJ TPS,665,393,413.09
REG1,Apr-16,NORTHERN,DELHI,STATE,THERMAL,NATURAL GAS,IPGPCL,I.P.CCPP,270,58,25.88
REG4,Apr-16,EASTERN,WEST BENGAL,STATE,HYDRO,HYDRO,WBSEDCL,JALDHAKA  HPS ST-I,27,10,13.47
REG1,Apr-16,NORTHERN,PUNJAB,STATE,HYDRO,HYDRO,PSPCL,MUKERIAN  HPS,207,10,42.32
REG3,Apr-16,SOUTHERN,TELANGANA,STATE,HYDRO,HYDRO,TSGENCO,NAGARJUN SGR  LBC  HPS,60,0,0
REG4,Apr-16,EASTERN,ORISSA,PVT,THERMAL,COAL,NALCO,NALCO IMP,0,21,23.84
REG3,Apr-16,SOUTHERN,TAMIL NADU,PVT,THERMAL,COAL,ST-CMSECP,NEYVELI TPS(Z),250,152,145.81
REG2,Apr-16,WESTERN,GUJARAT,PVT,THERMAL,NATURAL GAS,GPE CORP,PEGUTHAN CCPP,655,26,45.58
REG2,Apr-16,WESTERN,MADHYA PRADESH,STATE,HYDRO,HYDRO,MPPGCL,BANSAGAR TONS-II  HPS,30,6,3.26
REG1,Apr-16,NORTHERN,JAMMU AND KASHMIR,STATE,THERMAL,NATURAL GAS,JKSPDC,PAMPORE GPS (Liq.),175,0,0
REG4,Apr-16,EASTERN,JHARKHAND,CENTRAL,HYDRO,HYDRO,DVC,PANCHET  HPS.,80,3,0.39
REG1,Apr-16,NORTHERN,RAJASTHAN,CENTRAL,NUCLEAR,NUCLEAR,NPCIL,RAJASTHAN  A.P.S.,1080,662,617.56
REG5,Apr-16,NORTH EASTERN,ARUNACHAL PRADESH,CENTRAL,HYDRO,HYDRO,NEEPCO.,RANGANADI  HPS.,405,55,119.01
REG2,Apr-16,WESTERN,MAHARASHTRA,CENTRAL,THERMAL,NATURAL GAS,RGPPL,RATNAGIRI CCPP III,740,246,173.87
REG5,Apr-16,NORTH EASTERN,TRIPURA,STATE,THERMAL,NATURAL GAS,TSECL,ROKHIA GT,111,32,40.81
REG2,Apr-16,WESTERN,GUJARAT,PVT,THERMAL,NATURAL GAS,TOR. POW. (UNOSUGEN),VATWA CCPP,NA,NA,0
REG3,Apr-16,SOUTHERN,TAMIL NADU,STATE,THERMAL,COAL,TNGDCL,TUTICORIN TPS,1050,581,700.21
REG2,Apr-16,WESTERN,MADHYA PRADESH,PVT,THERMAL,COAL,ESSARPMPL,MAHAN TPP,600,0,3.27
REG2,Apr-16,WESTERN,MAHARASHTRA,PVT,THERMAL,NATURAL GAS,TATA PCL,TROMBAY CCPP,180,74,121.95
REG1,Apr-16,NORTHERN,HARYANA,STATE,THERMAL,COAL,HPGCL,YAMUNA NAGAR TPS,600,217,354.98
REG4,Apr-16,EASTERN,WEST BENGAL,PVT,THERMAL,COAL,DPSCLTD,CHINAKURI TPS,30,0,0
REG1,Apr-16,NORTHERN,HARYANA,STATE,THERMAL,COAL,HPGCL,RAJIV GANDHI TPS,1200,437,534.49
REG3,Apr-16,SOUTHERN,ANDHRA PRADESH,PVT,THERMAL,NATURAL GAS,GMR ENERG,GMR Energy Ltd - Kakinada,220,0,0
REG4,Apr-16,EASTERN,SIKKIM,PVT,HYDRO,HYDRO,DEPL,JORETHANG LOOP,96,11,13.23
REG2,Apr-16,WESTERN,CHHATTISGARH,PVT,THERMAL,COAL,ACB,SWASTIK KORBA TPP,25,0,0
REG2,Apr-16,WESTERN,CHHATTISGARH,PVT,THERMAL,COAL,MCCPL,BANDAKHAR TPP,300,58,0
REG2,Apr-16,WESTERN,MADHYA PRADESH,STATE,HYDRO,HYDRO,MPPGCL,BANSAGAR TONS-1  HPS,315,20,30.36
REG3,Apr-16,SOUTHERN,KARNATAKA,STATE,HYDRO,HYDRO,KPCL,BHADRA  HPS,39.2,4,2.46
REG3,Apr-16,SOUTHERN,ANDHRA PRADESH,STATE,HYDRO,HYDRO,APGENCO,NAGARJUN SGR  TPD HPS,0,5,0
REG5,Apr-16,NORTH EASTERN,MEGHALAYA,STATE,HYDRO,HYDRO,MeECL,UMIAM HPS ST-IV,60,10,11.61
REG1,Apr-16,NORTHERN,DELHI,STATE,THERMAL,NATURAL GAS,IPGPCL,PRAGATI CCGT-III,1500,119,76.01
REG2,Apr-16,WESTERN,MAHARASHTRA,PVT,HYDRO,HYDRO,TATA MAH.,BHIRA PSS  HPS,150,0,32.8
REG3,Apr-16,SOUTHERN,KERALA,STATE,HYDRO,HYDRO,KSEB,IDUKKI  HPS.,780,232,239.79
REG2,Apr-16,WESTERN,MAHARASHTRA,PVT,THERMAL,COAL,JSWEL,JSW RATNAGIRI TPP,1200,708,747.87
REG4,Apr-16,EASTERN,ORISSA,PVT,THERMAL,COAL,SEL,STERLITE TPP,2400,718,730.55
REG3,Apr-16,SOUTHERN,ANDHRA PRADESH,PVT,THERMAL,COAL,SEPL,SIMHAPURI TPS,600,353,364.55
REG4,Apr-16,EASTERN,JHARKHAND,PVT,THERMAL,COAL,ADHUNIK,MAHADEV PRASAD STPP,540,234,304.06
REG2,Apr-16,WESTERN,MAHARASHTRA,PVT,THERMAL,COAL,VIP,BUTIBORI TPP,600,323,386.41
REG1,Apr-16,NORTHERN,HIMACHAL PRADESH,CENTRAL,HYDRO,HYDRO,NTPC Ltd.,KOLDAM HPS,800,190,118.3
REG4,Apr-16,EASTERN,JHARKHAND,CENTRAL,THERMAL,COAL,DVC,BOKARO TPS `A` EXP,500,0,0
REG1,Apr-16,NORTHERN,UTTARAKHAND,STATE,HYDRO,HYDRO,UJVNL,CHILLA  HPS,144,63,45.44
REG1,Apr-16,NORTHERN,PUNJAB,CENTRAL,HYDRO,HYDRO,BBMB,DEHAR H P S,990,224,231.78
REG1,Apr-16,NORTHERN,UTTARAKHAND,CENTRAL,HYDRO,HYDRO,NHPC,DHAULI GANGA  HPS,280,55,43.01
REG2,Apr-16,WESTERN,GUJARAT,CENTRAL,NUCLEAR,NUCLEAR,NPCIL,KAKRAPARA,440,270,0
REG2,Apr-16,WESTERN,MAHARASHTRA,STATE,HYDRO,HYDRO,MAHAGENCO,KOYNA-II  HPS,320,NA,63.82
REG3,Apr-16,SOUTHERN,KERALA,STATE,HYDRO,HYDRO,KSEB,PORINGALKUTTU  HPS.,32,7,2.63
REG5,Apr-16,NORTH EASTERN,MANIPUR,CENTRAL,HYDRO,HYDRO,NHPC,LOKTAK  HPS.,105,18,26.31
REG3,Apr-16,SOUTHERN,TAMIL NADU,STATE,THERMAL,NATURAL GAS,TNGDCL,KOVIKALPAL CCPP,107.88,31,39.79
REG1,Apr-16,NORTHERN,DELHI,PVT,THERMAL,NATURAL GAS,NDPL,RITHALA CCPP,108,0,0
REG3,Apr-16,SOUTHERN,KARNATAKA,STATE,HYDRO,HYDRO,KPCL,T B   DAM  HPS,36,0,2.79
REG3,Apr-16,SOUTHERN,KERALA,STATE,HYDRO,HYDRO,KSEB,PANNIAR  HPS.,30,0,9.22
REG1,Apr-16,NORTHERN,UTTAR PRADESH,PVT,THERMAL,COAL,BEPL,MAQSOODPUR TPS,90,30,56.29
REG1,Apr-16,NORTHERN,UTTAR PRADESH,PVT,THERMAL,COAL,BEPL,UTRAULA TPS,90,30,55.68
REG4,Apr-16,EASTERN,ORISSA,PVT,THERMAL,COAL,GMR ENERG,KAMALANGA TPS,1050,545,601.62
REG1,Apr-16,NORTHERN,HIMACHAL PRADESH,CENTRAL,HYDRO,HYDRO,NHPC,PARBATI-III HPS,520,30,32.12
REG3,Apr-16,SOUTHERN,ANDHRA PRADESH,STATE,HYDRO,HYDRO,APGENCO,NAGARJUN SGR RBC EXTN. HPS,0,0,0
REG4,Apr-16,EASTERN,JHARKHAND,CENTRAL,THERMAL,COAL,DVC,KODARMA TPP,1000,288,485.55
REG2,Apr-16,WESTERN,CHHATTISGARH,PVT,THERMAL,COAL,VVL,SALORA TPP,135,0,0
REG4,Apr-16,EASTERN,JHARKHAND,PVT,THERMAL,COAL,CPL,MAITRISHI USHA TPS,0,NA,0
REG1,Apr-16,NORTHERN,JAMMU AND KASHMIR,STATE,HYDRO,HYDRO,JKSPDC,BAGLIHAR II  HPS,450,0,77.73
REG2,Apr-16,WESTERN,MAHARASHTRA,CENTRAL,THERMAL,COAL,NTPC Ltd.,SOLAPUR,0,NA,0
REG2,Apr-16,WESTERN,CHHATTISGARH,PVT,THERMAL,COAL,ACPL,SINGHITARAI TPP,0,0,0
REG1,Apr-16,NORTHERN,JAMMU AND KASHMIR,CENTRAL,HYDRO,HYDRO,NHPC,KISHENGANGA HPS,0,0,0
REG1,Apr-16,NORTHERN,UTTAR PRADESH,STATE,HYDRO,HYDRO,UPJVNL,OBRA  HPS,99,10,6.74
REG1,Apr-16,NORTHERN,UTTARAKHAND,CENTRAL,HYDRO,HYDRO,THDC,TEHRI ST-1  HPS,1000,160,117.81
REG2,Apr-16,WESTERN,MAHARASHTRA,CENTRAL,NUCLEAR,NUCLEAR,NPCIL,TARAPUR,1400,869,869.35
REG3,Apr-16,SOUTHERN,KERALA,STATE,THERMAL,DIESEL,KSEB,KOZHIKODE DG,96,5,27.98
REG3,Apr-16,SOUTHERN,KARNATAKA,STATE,HYDRO,HYDRO,KPCL,LIGANAMAKKI  HPS,55,11,9.86
REG1,Apr-16,NORTHERN,RAJASTHAN,STATE,HYDRO,HYDRO,RRVUNL,MAHI BAJAJ  HPS,140,12,4.75
REG1,Apr-16,NORTHERN,UTTARAKHAND,STATE,HYDRO,HYDRO,UJVNL,MANERI BHALI - I  HPS,90,38,26.39
REG3,Apr-16,SOUTHERN,TAMIL NADU,PVT,THERMAL,NATURAL GAS,PENNA,VALANTARVY CCPP,52.8,0,32.69
REG3,Apr-16,SOUTHERN,KARNATAKA,STATE,THERMAL,DIESEL,KPCL,YELHANKA (DG),127.92,0,0
REG5,Apr-16,NORTH EASTERN,ASSAM,STATE,THERMAL,COAL,APGPCL,CHANDRAPUR(ASSAM) TPS,60,0,0
REG1,Apr-16,NORTHERN,RAJASTHAN,CENTRAL,THERMAL,NATURAL GAS,NTPC Ltd.,ANTA CCPP,419.33,62,4.21
REG4,Apr-16,EASTERN,ORISSA,PVT,THERMAL,COAL,ICCL,ICCL (IMFA) IMP,0,24,7.36
REG3,Apr-16,SOUTHERN,ANDHRA PRADESH,STATE,THERMAL,NATURAL GAS,APEPDCL,JEGURUPADU PHASE I CCPP,235.4,0,29.17
REG4,Apr-16,EASTERN,WEST BENGAL,STATE,HYDRO,HYDRO,WBSEDCL,PURULIA PSS  HPS.,900,124,70.51
REG3,Apr-16,SOUTHERN,TAMIL NADU,STATE,HYDRO,HYDRO,TNGDCL,METTUR DAM  HPS.,50,4,5.92
REG1,Apr-16,NORTHERN,UTTAR PRADESH,CENTRAL,NUCLEAR,NUCLEAR,NPCIL,NARORA  A.P.S.,440,270,312.45
REG1,Apr-16,NORTHERN,UTTAR PRADESH,STATE,THERMAL,COAL,UPRVUNL,PANKI TPS,210,41,52.96
REG5,Apr-16,NORTH EASTERN,TRIPURA,STATE,THERMAL,NATURAL GAS,TSECL,BARAMURA GT,58.5,24,18.47
REG3,Apr-16,SOUTHERN,TELANGANA,STATE,HYDRO,HYDRO,TSGENCO,POCHAMPAD  HPS,27,2,0
REG1,Apr-16,NORTHERN,DELHI,STATE,THERMAL,NATURAL GAS,IPGPCL,PRAGATI CCPP,330.4,171,166.5
REG3,Apr-16,SOUTHERN,TAMIL NADU,STATE,THERMAL,NATURAL GAS,TNGDCL,BASIN BRIDGE GT (Liq.),120,0,2.6
REG2,Apr-16,WESTERN,GOA,PVT,THERMAL,NATURAL GAS,RELIANCE,GOA CCPP (Liq.),48,0,0
REG3,Apr-16,SOUTHERN,KARNATAKA,STATE,HYDRO,HYDRO,KPCL,ALMATTI DPH  HPS,290,2,0.32
REG1,Apr-16,NORTHERN,HIMACHAL PRADESH,CENTRAL,HYDRO,HYDRO,SJVNL,RAMPUR HPS,412.02,82,85.99
REG4,Apr-16,EASTERN,WEST BENGAL,STATE,THERMAL,COAL,WBPDC,BAKRESWAR TPS,1050,559,707.19
REG1,Apr-16,NORTHERN,UTTAR PRADESH,PVT,THERMAL,COAL,RPSCL,ROSA TPP Ph-I,1200,711,819.6
REG4,Apr-16,EASTERN,WEST BENGAL,CENTRAL,HYDRO,HYDRO,NHPC,TEESTA LOW DAM-III HPS,132,35,28.76
REG1,Apr-16,NORTHERN,UTTAR PRADESH,PVT,THERMAL,COAL,LAPPL,ANPARA C TPS,1200,728,840.23
REG2,Apr-16,WESTERN,MADHYA PRADESH,PVT,THERMAL,COAL,JHAPL,SEIONI TPP,600,0,50.57
REG3,Apr-16,SOUTHERN,TAMIL NADU,STATE,HYDRO,HYDRO,TNGDCL,KODAYAR  HPS.,100,0,28.24
REG2,Apr-16,WESTERN,GUJARAT,STATE,HYDRO,HYDRO,GSECL,KADANA  HPS,240,7,7.61
REG1,Apr-16,NORTHERN,UTTAR PRADESH,PVT,THERMAL,COAL,BEPL,KHAMBARKHERA TPS,90,26,55.12
REG3,Apr-16,SOUTHERN,TAMIL NADU,CENTRAL,THERMAL,COAL,NLC,NEYVELI TPS- I,600,348,341.36
REG4,Apr-16,EASTERN,JHARKHAND,PVT,THERMAL,COAL,MPL,MAITHON RB TPP,1050,588,643.33
REG4,Apr-16,EASTERN,JHARKHAND,CENTRAL,THERMAL,COAL,DVC,BOKARO `B` TPS,630,168,175.2
REG4,Apr-16,EASTERN,JHARKHAND,CENTRAL,THERMAL,COAL,DVC,CHANDRAPURA(DVC) TPS,890,379,545.09
REG3,Apr-16,SOUTHERN,KERALA,PVT,THERMAL,NATURAL GAS,BSES(C),COCHIN CCPP (Liq.),174,0,0
REG1,Apr-16,NORTHERN,UTTARAKHAND,STATE,HYDRO,HYDRO,UJVNL,DHAKRANI  HPS,33.75,0,6.1
REG3,Apr-16,SOUTHERN,TAMIL NADU,CENTRAL,THERMAL,COAL,NLC,NEYVELI TPS-II EXP,500,295,106.59
REG2,Apr-16,WESTERN,MADHYA PRADESH,STATE,HYDRO,HYDRO,MPPGCL,BARGI  HPS,90,43,26.71
REG4,Apr-16,EASTERN,ORISSA,STATE,HYDRO,HYDRO,OHPC,UPPER  INDRAVATI  HPS.,600,90,94.29
REG3,Apr-16,SOUTHERN,PUDUCHERRY,STATE,THERMAL,NATURAL GAS,"P&ED, Pudu.",KARAIKAL CCPP,32.5,20,20.87
REG2,Apr-16,WESTERN,GUJARAT,STATE,THERMAL,COAL,GSECL,UKAI TPS,1350,510,321.99
REG2,Apr-16,WESTERN,MADHYA PRADESH,PVT,HYDRO,HYDRO,SMHPCL,MAHESHWAR HPS,0,NA,0
REG2,Apr-16,WESTERN,MADHYA PRADESH,PVT,THERMAL,COAL,JPPVL,BINA TPS,500,206,0
REG3,Apr-16,SOUTHERN,TELANGANA,STATE,HYDRO,HYDRO,TSGENCO,PULICHINTALA HPS,0,0,0
REG2,Apr-16,WESTERN,GUJARAT,STATE,THERMAL,NATURAL GAS,GSEGL,HAZIRA CCPP EXT,351,0,0
REG1,Apr-16,NORTHERN,JAMMU AND KASHMIR,CENTRAL,HYDRO,HYDRO,NHPC,NIMMO BAZGO HPS,45,6,8.13
REG2,Apr-16,WESTERN,CHHATTISGARH,PVT,THERMAL,COAL,ACB,KASAIPALLI TPP,270,164,160.12
REG1,Apr-16,NORTHERN,HIMACHAL PRADESH,STATE,HYDRO,HYDRO,HPPCL,KASHANG INTEGRATED HPS,0,12,0
REG3,Apr-16,SOUTHERN,TAMIL NADU,PVT,THERMAL,COAL,ITPCL,ITPCL TPP,1200,149,225.06
REG1,Apr-16,NORTHERN,UTTARAKHAND,PVT,THERMAL,NATURAL GAS,SrEPL,KASHIPUR CCPP,0,0,0
REG2,Apr-16,WESTERN,MAHARASHTRA,PVT,THERMAL,NATURAL GAS,PGPL,MANGAON CCPP,0,0,0
REG4,Apr-16,EASTERN,BIHAR,CENTRAL,THERMAL,COAL,NTPC Ltd.,BARH I,0,NA,0
